"passenger_id";"first_name";"last_name";"firstname";"email";"mobile_number";"ticket_id"
"101";"Allan";"Hirthe-Hills";"Allan";"Allan.Hirthe-Hills10@yahoo.com";"+1 (823) 171-6551";"2001"
"102";"Randy";"Bernhard";"Randy";"Randy_Bernhard28@gmail.com";"+1 (600) 303-6148";"2002"
"103";"Ken";"Heaney";"Ken";"Ken34@gmail.com";"+1 (285) 339-5443";"2003"
"104";"Sidney";"Wiegand";"Sidney";"Sidney_Wiegand@hotmail.com";"+1 (946) 532-6539";"2004"
"105";"Lionel";"Torp";"Lionel";"Lionel39@yahoo.com";"+1 (101) 890-3088";"2005"
"106";"Amos";"Metz";"Amos";"Amos99@hotmail.com";"+1 (815) 313-4550";"2006"
"107";"Clara";"Carter";"Clara";"Clara_Carter59@gmail.com";"+1 (541) 819-6594";"2007"
"108";"Pedro";"Frami";"Pedro";"Pedro.Frami@yahoo.com";"+1 (306) 681-5286";"2008"
"109";"Susie";"Shields";"Susie";"Susie_Shields@gmail.com";"+1 (840) 967-0155";"2009"
"110";"Phyllis";"Schinner";"Phyllis";"Phyllis.Schinner@yahoo.com";"+1 (917) 345-3294";"2010"
"111";"Bradford";"Jacobs";"Bradford";"Bradford.Jacobs@hotmail.com";"+1 (677) 221-7013";"2011"
"112";"Tonya";"Fadel";"Tonya";"Tonya_Fadel@hotmail.com";"+1 (841) 306-6191";"2012"
"113";"Deborah";"Connelly";"Deborah";"Deborah_Connelly@yahoo.com";"+1 (193) 064-2064";"2013"
"114";"Gladys";"Ziemann";"Gladys";"Gladys_Ziemann@gmail.com";"+1 (047) 235-5826";"2014"
"115";"Marian";"Harber";"Marian";"Marian_Harber53@yahoo.com";"+1 (307) 349-1407";"2015"
"116";"Bryant";"Price";"Bryant";"Bryant25@yahoo.com";"+1 (237) 965-3462";"2016"
"117";"Jermaine";"Cummerata";"Jermaine";"Jermaine.Cummerata35@hotmail.com";"+1 (327) 277-2112";"2017"
"118";"Tommy";"Prosacco";"Tommy";"Tommy50@hotmail.com";"+1 (793) 858-3305";"2018"
"119";"Dale";"McClure-O'Connell";"Dale";"Dale_McClure-OConnell@hotmail.com";"+1 (629) 992-9053";"2019"
"120";"Angela";"Bins";"Angela";"Angela12@hotmail.com";"+1 (192) 113-8869";"2020"